,ttwa,laua,value
0,E30000004,E08000018,0.08737767126023567
1,E30000004,E08000016,0.8252446574795287
2,E30000004,E08000018,0.08737767126023567
3,E30000018,E08000034,0.03349420849420849
4,E30000018,E08000034,0.03349420849420849
5,E30000018,E08000032,0.4497586872586873
6,E30000018,E08000034,0.03349420849420849
7,E30000018,E08000032,0.4497586872586873
8,E30000029,E08000033,1.0
9,E30000039,E07000163,1.0
10,E30000046,E07000052,0.1901443096097081
11,E30000046,E07000052,0.1901443096097081
12,E30000046,E07000052,0.1901443096097081
13,E30000046,E07000053,0.1849786815349295
14,E30000046,E07000051,0.027222040013119054
15,E30000046,E07000052,0.1901443096097081
16,E30000046,E07000051,0.027222040013119054
17,E30000051,E06000052,0.1111111111111111
18,E30000051,E06000052,0.1111111111111111
19,E30000051,E06000052,0.1111111111111111
20,E30000051,E06000052,0.1111111111111111
21,E30000051,E06000052,0.1111111111111111
22,E30000051,E06000052,0.1111111111111111
23,E30000051,E06000052,0.1111111111111111
24,E30000051,E06000052,0.1111111111111111
25,E30000051,E06000052,0.1111111111111111
26,E30000054,E07000141,0.5
27,E30000054,E07000141,0.5
28,E30000061,E07000064,0.3355307155823063
29,E30000061,E07000065,0.00993598929970383
30,E30000061,E07000062,0.28919461163657206
31,E30000061,E07000065,0.00993598929970383
32,E30000061,E07000064,0.3355307155823063
33,E30000061,E07000065,0.00993598929970383
34,E30000061,E07000065,0.00993598929970383
35,E30000064,E07000030,0.014018691588785047
36,E30000064,E06000057,0.23948598130841123
37,E30000064,E07000030,0.014018691588785047
38,E30000064,E07000030,0.014018691588785047
39,E30000064,E06000057,0.23948598130841123
40,E30000064,E06000057,0.23948598130841123
41,E30000064,E06000057,0.23948598130841123
42,E30000070,E06000046,1.0
43,E30000076,E07000121,1.0
44,E30000093,E06000002,0.3105247897941432
45,E30000093,E06000003,0.2880255146419252
46,E30000093,E06000004,0.40144969556393156
47,E30000095,E07000191,0.3333333333333333
48,E30000095,E07000191,0.3333333333333333
49,E30000095,E07000191,0.3333333333333333
50,E30000106,E07000030,0.3333333333333333
51,E30000106,E07000030,0.3333333333333333
52,E30000106,E07000030,0.3333333333333333
53,E30000108,E07000010,0.04507960867063111
54,E30000108,E07000152,0.06263188183387684
55,E30000108,E07000011,0.04047573374256666
56,E30000108,E07000010,0.04507960867063111
57,E30000108,E07000010,0.04507960867063111
58,E30000108,E07000152,0.06263188183387684
59,E30000108,E07000141,0.22415116056013812
60,E30000108,E06000017,0.14761173988106657
61,E30000108,E07000141,0.22415116056013812
62,E30000108,E07000152,0.06263188183387684
63,E30000108,E07000011,0.04047573374256666
64,E30000110,E06000029,0.2746495464719048
65,E30000110,E07000051,0.09883378489810343
66,E30000110,E07000049,0.08434444575332783
67,E30000110,E07000051,0.09883378489810343
68,E30000110,E06000029,0.2746495464719048
69,E30000110,E07000049,0.08434444575332783
70,E30000110,E07000049,0.08434444575332783
71,E30000124,E07000140,1.0
72,E30000135,E07000143,0.28975791433891995
73,E30000135,E07000146,0.03302296710117939
74,E30000135,E07000143,0.28975791433891995
75,E30000135,E07000146,0.03302296710117939
76,E30000135,E07000204,0.010552451893234015
77,E30000135,E07000204,0.010552451893234015
78,E30000135,E07000204,0.010552451893234015
79,E30000135,E07000146,0.03302296710117939
80,E30000135,E07000143,0.28975791433891995
81,E30000147,E07000168,0.5
82,E30000147,E07000168,0.5
83,E30000159,E07000084,0.04311905839746492
84,E30000159,E07000093,0.3438207333635129
85,E30000159,E06000054,0.026143051154368494
86,E30000159,E06000054,0.026143051154368494
87,E30000159,E07000084,0.04311905839746492
88,E30000159,E06000054,0.026143051154368494
89,E30000159,E06000054,0.026143051154368494
90,E30000159,E07000084,0.04311905839746492
91,E30000159,E07000093,0.3438207333635129
92,E30000159,E06000054,0.026143051154368494
93,E30000159,E06000054,0.026143051154368494
94,E30000159,E06000054,0.026143051154368494
95,E30000160,E07000105,1.0
96,E30000161,E07000155,0.0936158231857535
97,E30000161,E07000221,0.01851200112620539
98,E30000161,E07000221,0.01851200112620539
99,E30000161,E07000151,0.02041247272471317
100,E30000161,E07000151,0.02041247272471317
101,E30000161,E07000177,0.3011895544449919
102,E30000161,E07000177,0.3011895544449919
103,E30000161,E07000155,0.0936158231857535
104,E30000161,E07000151,0.02041247272471317
105,E30000161,E07000221,0.01851200112620539
106,E30000161,E07000155,0.0936158231857535
107,E30000162,E07000043,1.0
108,E30000163,E07000031,0.27277747101049143
109,E30000163,E07000027,0.45444505797901713
110,E30000163,E07000031,0.27277747101049143
111,E30000164,E07000084,0.1748938564632462
112,E30000164,E07000085,0.03273824748068955
113,E30000164,E07000084,0.1748938564632462
114,E30000164,E06000037,0.003938820400020461
115,E30000164,E07000085,0.03273824748068955
116,E30000164,E07000085,0.03273824748068955
117,E30000164,E07000085,0.03273824748068955
118,E30000164,E07000084,0.1748938564632462
119,E30000164,E07000089,0.11084965982914727
120,E30000164,E06000037,0.003938820400020461
121,E30000164,E07000089,0.11084965982914727
122,E30000164,E06000037,0.003938820400020461
123,E30000164,E07000089,0.11084965982914727
124,E30000165,E07000187,0.027807147388454218
125,E30000165,E06000054,0.01659970395432438
126,E30000165,E06000025,0.004757876929583422
127,E30000165,E06000054,0.01659970395432438
128,E30000165,E06000022,0.39543243814759993
129,E30000165,E06000025,0.004757876929583422
130,E30000165,E06000054,0.01659970395432438
131,E30000165,E07000187,0.027807147388454218
132,E30000165,E06000054,0.01659970395432438
133,E30000165,E06000054,0.01659970395432438
134,E30000165,E06000054,0.01659970395432438
135,E30000165,E07000187,0.027807147388454218
136,E30000165,E06000022,0.39543243814759993
137,E30000165,E06000054,0.01659970395432438
138,E30000166,E06000056,0.10734184040258807
139,E30000166,E06000055,0.28531631919482386
140,E30000166,E06000056,0.10734184040258807
141,E30000166,E06000056,0.10734184040258807
142,E30000166,E06000055,0.28531631919482386
143,E30000166,E06000056,0.10734184040258807
144,E30000167,E07000046,0.3333333333333333
145,E30000167,E07000046,0.3333333333333333
146,E30000167,E07000046,0.3333333333333333
147,E30000168,E08000015,0.7578236260726675
148,E30000168,E06000050,0.06054409348183312
149,E30000168,E06000050,0.06054409348183312
150,E30000168,E06000050,0.06054409348183312
151,E30000168,E06000050,0.06054409348183312
152,E30000169,E07000236,0.03906198861032925
153,E30000169,E08000030,0.012306081036852785
154,E30000169,E08000029,0.09663219218432939
155,E30000169,E08000028,0.04066570661779145
156,E30000169,E07000238,0.0022419323165542974
157,E30000169,E07000218,0.021993846959481575
158,E30000169,E07000238,0.0022419323165542974
159,E30000169,E07000221,0.00795313215945539
160,E30000169,E07000238,0.0022419323165542974
161,E30000169,E07000199,0.03326896642010866
162,E30000169,E07000221,0.00795313215945539
163,E30000169,E07000238,0.0022419323165542974
164,E30000169,E07000218,0.021993846959481575
165,E30000169,E08000028,0.04066570661779145
166,E30000169,E08000030,0.012306081036852785
167,E30000169,E07000238,0.0022419323165542974
168,E30000169,E08000029,0.09663219218432939
169,E30000169,E08000025,0.5494043333115141
170,E30000169,E07000221,0.00795313215945539
171,E30000170,E07000120,0.1191569086651054
172,E30000170,E07000125,0.13049180327868853
173,E30000170,E07000124,0.09405152224824356
174,E30000170,E06000008,0.21587822014051522
175,E30000170,E07000125,0.13049180327868853
176,E30000170,E06000008,0.21587822014051522
177,E30000170,E07000124,0.09405152224824356
178,E30000171,E07000128,0.18513044595810307
179,E30000171,E07000119,0.15743477702094846
180,E30000171,E07000119,0.15743477702094846
181,E30000171,E07000128,0.18513044595810307
182,E30000171,E06000009,0.3148695540418969
183,E30000172,E07000050,0.539796633941094
184,E30000172,E06000054,0.06574333800841514
185,E30000172,E06000054,0.06574333800841514
186,E30000172,E06000054,0.06574333800841514
187,E30000172,E06000054,0.06574333800841514
188,E30000172,E06000054,0.06574333800841514
189,E30000172,E06000054,0.06574333800841514
190,E30000172,E06000054,0.06574333800841514
191,E30000173,E06000057,0.25
192,E30000173,E06000057,0.25
193,E30000173,E06000057,0.25
194,E30000173,E06000057,0.25
195,E30000174,E07000136,1.0
196,E30000175,E07000091,0.09359343826202615
197,E30000175,E07000049,0.09510086455331412
198,E30000175,E07000048,0.08366215916648194
199,E30000175,E06000029,0.016714697406340056
200,E30000175,E07000049,0.09510086455331412
201,E30000175,E07000091,0.09359343826202615
202,E30000175,E07000091,0.09359343826202615
203,E30000175,E07000049,0.09510086455331412
204,E30000175,E06000029,0.016714697406340056
205,E30000175,E06000028,0.31682553757481713
206,E30000176,E07000188,0.32514026182206784
207,E30000176,E07000188,0.32514026182206784
208,E30000176,E07000191,0.008193071511265474
209,E30000176,E07000191,0.008193071511265474
210,E30000176,E07000188,0.32514026182206784
211,E30000176,E07000191,0.008193071511265474
212,E30000177,E06000011,0.3333333333333333
213,E30000177,E06000011,0.3333333333333333
214,E30000177,E06000011,0.3333333333333333
215,E30000178,E07000052,0.25
216,E30000178,E07000052,0.25
217,E30000178,E07000052,0.25
218,E30000178,E07000052,0.25
219,E30000179,E07000063,0.11221416620189627
220,E30000179,E07000223,0.035861684327942
221,E30000179,E07000228,0.013496932515337423
222,E30000179,E06000043,0.5646402677077523
223,E30000179,E07000228,0.013496932515337423
224,E30000179,E07000063,0.11221416620189627
225,E30000179,E07000063,0.11221416620189627
226,E30000179,E07000223,0.035861684327942
227,E30000180,E06000022,0.03450275951769958
228,E30000180,E07000082,0.022937392343656625
229,E30000180,E06000023,0.29781699300453474
230,E30000180,E06000025,0.22503251660983584
231,E30000180,E06000022,0.03450275951769958
232,E30000180,E06000024,0.06861883502654058
233,E30000180,E06000025,0.22503251660983584
234,E30000180,E07000082,0.022937392343656625
235,E30000180,E06000024,0.06861883502654058
236,E30000181,E06000052,0.08412176059234883
237,E30000181,E06000052,0.08412176059234883
238,E30000181,E07000047,0.00997531879884821
239,E30000181,E06000052,0.08412176059234883
240,E30000181,E07000046,0.0676676264911559
241,E30000181,E07000047,0.00997531879884821
242,E30000181,E07000046,0.0676676264911559
243,E30000181,E06000052,0.08412176059234883
244,E30000181,E06000052,0.08412176059234883
245,E30000181,E06000052,0.08412176059234883
246,E30000181,E06000052,0.08412176059234883
247,E30000181,E06000052,0.08412176059234883
248,E30000181,E07000047,0.00997531879884821
249,E30000181,E07000046,0.0676676264911559
250,E30000181,E07000047,0.00997531879884821
251,E30000181,E06000052,0.08412176059234883
252,E30000182,E07000122,0.5531320654342333
253,E30000182,E07000117,0.44686793456576673
254,E30000183,E07000132,0.004378233922783874
255,E30000183,E07000035,0.0036959117529993747
256,E30000183,E07000039,0.10610109740148974
257,E30000183,E07000193,0.15926536646386535
258,E30000183,E07000035,0.0036959117529993747
259,E30000183,E07000039,0.10610109740148974
260,E30000183,E07000134,0.069596861318019
261,E30000183,E07000134,0.069596861318019
262,E30000183,E07000035,0.0036959117529993747
263,E30000183,E07000134,0.069596861318019
264,E30000183,E07000193,0.15926536646386535
265,E30000183,E07000134,0.069596861318019
266,E30000183,E07000193,0.15926536646386535
267,E30000183,E07000132,0.004378233922783874
268,E30000183,E07000035,0.0036959117529993747
269,E30000183,E07000035,0.0036959117529993747
270,E30000183,E07000132,0.004378233922783874
271,E30000184,E07000200,0.10816554809843401
272,E30000184,E07000200,0.10816554809843401
273,E30000184,E07000204,0.17746085011185683
274,E30000184,E07000200,0.10816554809843401
275,E30000184,E07000203,0.047706935123042506
276,E30000184,E07000203,0.047706935123042506
277,E30000184,E07000203,0.047706935123042506
278,E30000184,E07000204,0.17746085011185683
279,E30000184,E07000204,0.17746085011185683
280,E30000185,E07000035,0.04468349193214729
281,E30000185,E07000035,0.04468349193214729
282,E30000185,E07000037,0.2588608467797545
283,E30000185,E07000035,0.04468349193214729
284,E30000185,E07000037,0.2588608467797545
285,E30000185,E07000035,0.04468349193214729
286,E30000185,E07000035,0.04468349193214729
287,E30000185,E07000037,0.2588608467797545
288,E30000186,E07000204,0.01990108107051395
289,E30000186,E07000008,0.11229057924266417
290,E30000186,E07000012,0.14247453717279535
291,E30000186,E07000009,0.05362344339530428
292,E30000186,E07000012,0.14247453717279535
293,E30000186,E07000077,0.047250405645807673
294,E30000186,E07000077,0.047250405645807673
295,E30000186,E07000072,0.004496314976638711
296,E30000186,E07000099,0.01730103806228374
297,E30000186,E07000072,0.004496314976638711
298,E30000186,E07000099,0.01730103806228374
299,E30000186,E07000072,0.004496314976638711
300,E30000186,E07000242,0.10984692979883878
301,E30000186,E07000204,0.01990108107051395
302,E30000186,E07000242,0.10984692979883878
303,E30000186,E07000242,0.10984692979883878
304,E30000186,E07000099,0.01730103806228374
305,E30000186,E07000204,0.01990108107051395
306,E30000187,E07000113,0.15489964580873672
307,E30000187,E07000113,0.15489964580873672
308,E30000187,E07000106,0.6902007083825266
309,E30000188,E07000070,0.22640017255014738
310,E30000188,E07000068,0.10820332159033719
311,E30000188,E07000074,0.09447120569415486
312,E30000188,E07000077,0.0398662736357754
313,E30000188,E07000070,0.22640017255014738
314,E30000188,E07000068,0.10820332159033719
315,E30000188,E07000072,0.020706017686390108
316,E30000188,E07000072,0.020706017686390108
317,E30000188,E07000072,0.020706017686390108
318,E30000188,E07000074,0.09447120569415486
319,E30000188,E07000077,0.0398662736357754
320,E30000189,E07000238,0.01099545521184577
321,E30000189,E07000078,0.4148218736255681
322,E30000189,E07000235,0.008283242926257147
323,E30000189,E07000238,0.01099545521184577
324,E30000189,E07000083,0.1684503738454772
325,E30000189,E07000235,0.008283242926257147
326,E30000189,E07000083,0.1684503738454772
327,E30000189,E07000238,0.01099545521184577
328,E30000189,E07000238,0.01099545521184577
329,E30000189,E07000083,0.1684503738454772
330,E30000189,E07000235,0.008283242926257147
331,E30000189,E07000238,0.01099545521184577
332,E30000190,E07000035,0.11048195944166447
333,E30000190,E07000035,0.11048195944166447
334,E30000190,E07000035,0.11048195944166447
335,E30000190,E07000033,0.06689491703976824
336,E30000190,E07000033,0.06689491703976824
337,E30000190,E07000034,0.24690545167237293
338,E30000190,E07000035,0.11048195944166447
339,E30000190,E07000035,0.11048195944166447
340,E30000190,E07000033,0.06689491703976824
341,E30000191,E07000225,0.1714740948299544
342,E30000191,E07000090,0.0027471018075929895
343,E30000191,E07000225,0.1714740948299544
344,E30000191,E07000225,0.1714740948299544
345,E30000191,E07000225,0.1714740948299544
346,E30000191,E07000090,0.0027471018075929895
347,E30000191,E07000224,0.15430470853249822
348,E30000191,E07000224,0.15430470853249822
349,E30000193,E07000200,0.05282755410751687
350,E30000193,E07000074,0.005003490807540144
351,E30000193,E07000071,0.8315103560623691
352,E30000193,E07000200,0.05282755410751687
353,E30000193,E07000200,0.05282755410751687
354,E30000193,E07000074,0.005003490807540144
355,E30000194,E07000152,0.03231939163498099
356,E30000194,E07000152,0.03231939163498099
357,E30000194,E07000152,0.03231939163498099
358,E30000194,E07000150,0.903041825095057
359,E30000195,E07000218,0.0412860310421286
360,E30000195,E08000029,0.01649667405764967
361,E30000195,E07000219,0.1421729490022173
362,E30000195,E08000029,0.01649667405764967
363,E30000195,E07000132,0.007450110864745011
364,E30000195,E07000222,0.0072283813747228386
365,E30000195,E07000218,0.0412860310421286
366,E30000195,E07000222,0.0072283813747228386
367,E30000195,E07000151,0.011175166297117517
368,E30000195,E07000220,0.13906873614190687
369,E30000195,E07000220,0.13906873614190687
370,E30000195,E07000132,0.007450110864745011
371,E30000195,E07000151,0.011175166297117517
372,E30000195,E07000151,0.011175166297117517
373,E30000195,E07000132,0.007450110864745011
374,E30000195,E08000026,0.39379157427937916
375,E30000196,E07000225,0.006206753867727179
376,E30000196,E07000065,0.00912622698328774
377,E30000196,E07000210,0.08213604284958967
378,E30000196,E07000211,0.10404358520493781
379,E30000196,E07000063,0.0012183627962575572
380,E30000196,E07000215,0.05482632583159008
381,E30000196,E07000225,0.006206753867727179
382,E30000196,E07000063,0.0012183627962575572
383,E30000196,E07000065,0.00912622698328774
384,E30000196,E07000065,0.00912622698328774
385,E30000196,E07000111,0.0008965311142272592
386,E30000196,E07000210,0.08213604284958967
387,E30000196,E07000228,0.13431875129307372
388,E30000196,E07000215,0.05482632583159008
389,E30000196,E07000228,0.13431875129307372
390,E30000196,E07000111,0.0008965311142272592
391,E30000196,E07000226,0.09953794165651364
392,E30000196,E07000111,0.0008965311142272592
393,E30000196,E07000065,0.00912622698328774
394,E30000196,E07000063,0.0012183627962575572
395,E30000196,E07000211,0.10404358520493781
396,E30000196,E07000225,0.006206753867727179
397,E30000196,E07000225,0.006206753867727179
398,E30000196,E07000210,0.08213604284958967
399,E30000197,E06000050,0.09241245136186771
400,E30000197,E06000050,0.09241245136186771
401,E30000197,E06000050,0.09241245136186771
402,E30000197,E06000049,0.21011673151750973
403,E30000197,E06000050,0.09241245136186771
404,E30000197,E06000049,0.21011673151750973
405,E30000197,E06000049,0.21011673151750973
406,E30000198,E07000147,0.25
407,E30000198,E07000147,0.25
408,E30000198,E07000147,0.25
409,E30000198,E07000147,0.25
410,E30000199,E06000047,0.02994221677464542
411,E30000199,E06000047,0.02994221677464542
412,E30000199,E06000005,0.7098581684468569
413,E30000199,E07000166,0.07021537383995798
414,E30000199,E07000166,0.07021537383995798
415,E30000199,E06000047,0.02994221677464542
416,E30000199,E06000047,0.02994221677464542
417,E30000199,E06000047,0.02994221677464542
418,E30000200,E07000134,0.014796961283827074
419,E30000200,E07000134,0.014796961283827074
420,E30000200,E07000134,0.014796961283827074
421,E30000200,E07000036,0.020959819385544743
422,E30000200,E07000035,0.027976935045916345
423,E30000200,E07000035,0.027976935045916345
424,E30000200,E07000193,0.0022271714922048997
425,E30000200,E07000193,0.0022271714922048997
426,E30000200,E07000134,0.014796961283827074
427,E30000200,E06000015,0.36299844403087533
428,E30000200,E07000032,0.09704976050279158
429,E30000200,E07000035,0.027976935045916345
430,E30000200,E07000032,0.09704976050279158
431,E30000200,E07000035,0.027976935045916345
432,E30000200,E07000036,0.020959819385544743
433,E30000200,E07000035,0.027976935045916345
434,E30000200,E07000039,0.04908930042407786
435,E30000200,E07000193,0.0022271714922048997
436,E30000200,E07000032,0.09704976050279158
437,E30000200,E07000039,0.04908930042407786
438,E30000201,E08000017,1.0
439,E30000202,E07000239,0.002745792736935341
440,E30000202,E08000027,0.27936226749335696
441,E30000202,E08000027,0.27936226749335696
442,E30000202,E08000028,0.20097431355181578
443,E30000202,E08000028,0.20097431355181578
444,E30000202,E07000196,0.011278417478594626
445,E30000202,E07000196,0.011278417478594626
446,E30000202,E07000239,0.002745792736935341
447,E30000202,E07000196,0.011278417478594626
448,E30000203,E06000047,0.2
449,E30000203,E06000047,0.2
450,E30000203,E06000047,0.2
451,E30000203,E06000047,0.2
452,E30000203,E06000047,0.2
453,E30000204,E07000063,0.0918387741505663
454,E30000204,E07000065,0.14836775483011325
455,E30000204,E07000065,0.14836775483011325
456,E30000204,E07000061,0.1310126582278481
457,E30000204,E07000065,0.14836775483011325
458,E30000204,E07000063,0.0918387741505663
459,E30000204,E07000065,0.14836775483011325
460,E30000204,E07000063,0.0918387741505663
461,E30000205,E07000083,0.006093011688634668
462,E30000205,E07000238,0.1963441929868192
463,E30000205,E07000083,0.006093011688634668
464,E30000205,E07000238,0.1963441929868192
465,E30000205,E07000083,0.006093011688634668
466,E30000205,E07000238,0.1963441929868192
467,E30000205,E07000238,0.1963441929868192
468,E30000205,E07000238,0.1963441929868192
469,E30000206,E07000041,0.13958516857531833
470,E30000206,E07000040,0.12922773017271297
471,E30000206,E07000042,0.09417794506286538
472,E30000206,E07000044,0.003870692186540669
473,E30000206,E07000042,0.09417794506286538
474,E30000206,E07000044,0.003870692186540669
475,E30000206,E07000047,0.02901684418461867
476,E30000206,E07000047,0.02901684418461867
477,E30000206,E07000047,0.02901684418461867
478,E30000206,E07000040,0.12922773017271297
479,E30000206,E07000044,0.003870692186540669
480,E30000206,E07000045,0.14102666773444383
481,E30000206,E07000044,0.003870692186540669
482,E30000206,E07000047,0.02901684418461867
483,E30000206,E07000045,0.14102666773444383
484,E30000208,E07000112,1.0
485,E30000209,E07000080,0.04153319941364895
486,E30000209,E07000080,0.04153319941364895
487,E30000209,E07000081,0.2810141701503882
488,E30000209,E07000082,0.20028231717248493
489,E30000209,E07000083,0.06460719908789836
490,E30000209,E07000083,0.06460719908789836
491,E30000209,E07000082,0.20028231717248493
492,E30000209,E07000080,0.04153319941364895
493,E30000209,E07000083,0.06460719908789836
494,E30000210,E07000149,0.03367875647668394
495,E30000210,E07000149,0.03367875647668394
496,E30000210,E07000147,0.018134715025906734
497,E30000210,E07000147,0.018134715025906734
498,E30000210,E07000149,0.03367875647668394
499,E30000210,E07000147,0.018134715025906734
500,E30000210,E07000145,0.8264248704663213
501,E30000210,E07000147,0.018134715025906734
502,E30000211,E06000013,0.03274282223579719
503,E30000211,E06000013,0.03274282223579719
504,E30000211,E07000142,0.07269395235186317
505,E30000211,E07000142,0.07269395235186317
506,E30000211,E07000142,0.07269395235186317
507,E30000211,E06000012,0.7164324984728161
508,E30000212,E07000085,0.04385686305648192
509,E30000212,E07000085,0.04385686305648192
510,E30000212,E07000092,0.08803133767402467
511,E30000212,E06000036,0.004102482663702292
512,E30000212,E07000085,0.04385686305648192
513,E30000212,E07000210,0.008654915038907416
514,E30000212,E07000207,0.03168175321581706
515,E30000212,E07000212,0.012042771690222857
516,E30000212,E07000225,0.008257900587581388
517,E30000212,E07000225,0.008257900587581388
518,E30000212,E07000225,0.008257900587581388
519,E30000212,E07000085,0.04385686305648192
520,E30000212,E07000089,0.008469641628288603
521,E30000212,E07000089,0.008469641628288603
522,E30000212,E07000210,0.008654915038907416
523,E30000212,E07000216,0.15920279498173734
524,E30000212,E07000210,0.008654915038907416
525,E30000212,E07000089,0.008469641628288603
526,E30000212,E07000209,0.17812715049494468
527,E30000212,E07000214,0.10549997353236991
528,E30000212,E07000217,0.11365200359959769
529,E30000212,E07000212,0.012042771690222857
530,E30000212,E07000207,0.03168175321581706
531,E30000212,E07000225,0.008257900587581388
532,E30000212,E06000036,0.004102482663702292
533,E30000214,E08000035,0.03519626321396378
534,E30000214,E07000165,0.2864049823813816
535,E30000214,E07000165,0.2864049823813816
536,E30000214,E07000165,0.2864049823813816
537,E30000214,E08000035,0.03519626321396378
538,E30000214,E08000035,0.03519626321396378
539,E30000214,E08000035,0.03519626321396378
540,E30000215,E06000047,0.03758847937515255
541,E30000215,E06000047,0.03758847937515255
542,E30000215,E06000047,0.03758847937515255
543,E30000215,E06000001,0.8120576031242372
544,E30000215,E06000047,0.03758847937515255
545,E30000215,E06000047,0.03758847937515255
546,E30000216,E06000019,0.3333333333333333
547,E30000216,E06000019,0.3333333333333333
548,E30000216,E06000019,0.3333333333333333
549,E30000218,E07000006,0.039206824473193604
550,E30000218,E06000040,0.00985820010168917
551,E30000218,E07000007,0.21631546240325406
552,E30000218,E07000005,0.11897632902095927
553,E30000218,E07000179,0.011609513586803006
554,E30000218,E07000004,0.13047285464098074
555,E30000218,E06000040,0.00985820010168917
556,E30000218,E07000004,0.13047285464098074
557,E30000218,E07000004,0.13047285464098074
558,E30000218,E07000179,0.011609513586803006
559,E30000218,E07000006,0.039206824473193604
560,E30000218,E07000179,0.011609513586803006
561,E30000218,E07000004,0.13047285464098074
562,E30000218,E06000040,0.00985820010168917
563,E30000219,E08000034,0.3333333333333333
564,E30000219,E08000034,0.3333333333333333
565,E30000219,E08000034,0.3333333333333333
566,E30000220,E06000011,0.2577398765857147
567,E30000220,E06000011,0.2577398765857147
568,E30000220,E06000011,0.2577398765857147
569,E30000220,E06000010,0.226780370242856
570,E30000221,E07000010,0.016809539772999378
571,E30000221,E07000012,0.010966907715147743
572,E30000221,E07000012,0.010966907715147743
573,E30000221,E07000011,0.4638187826253532
574,E30000221,E07000010,0.016809539772999378
575,E30000221,E07000011,0.4638187826253532
576,E30000221,E07000010,0.016809539772999378
577,E30000222,E07000203,0.09701604438446544
578,E30000222,E07000203,0.09701604438446544
579,E30000222,E07000203,0.09701604438446544
580,E30000222,E07000200,0.058869395711500974
581,E30000222,E07000205,0.19397210976158344
582,E30000222,E07000202,0.14439946018893388
583,E30000222,E07000205,0.19397210976158344
584,E30000222,E07000200,0.058869395711500974
585,E30000222,E07000200,0.058869395711500974
586,E30000223,E07000031,0.5
587,E30000223,E07000031,0.5
588,E30000224,E07000153,0.19440702969661985
589,E30000224,E07000156,0.18914758514527613
590,E30000224,E06000055,0.004361490603553332
591,E30000224,E07000152,0.13777179141812584
592,E30000224,E06000055,0.004361490603553332
593,E30000224,E07000152,0.13777179141812584
594,E30000224,E07000152,0.13777179141812584
595,E30000224,E07000153,0.19440702969661985
596,E30000225,E07000146,0.2476605436450958
597,E30000225,E07000146,0.2476605436450958
598,E30000225,E07000147,0.03762935089369708
599,E30000225,E07000146,0.2476605436450958
600,E30000225,E07000147,0.03762935089369708
601,E30000225,E07000143,0.03550032182997475
602,E30000225,E07000143,0.03550032182997475
603,E30000225,E07000143,0.03550032182997475
604,E30000225,E07000147,0.03762935089369708
605,E30000225,E07000147,0.03762935089369708
606,E30000226,E07000044,0.25
607,E30000226,E07000044,0.25
608,E30000226,E07000044,0.25
609,E30000226,E07000044,0.25
610,E30000227,E06000052,0.09457244770076159
611,E30000227,E06000052,0.09457244770076159
612,E30000227,E06000052,0.09457244770076159
613,E30000227,E07000047,0.029692470837751856
614,E30000227,E07000047,0.029692470837751856
615,E30000227,E06000052,0.09457244770076159
616,E30000227,E06000052,0.09457244770076159
617,E30000227,E07000046,0.01002602911404608
618,E30000227,E06000052,0.09457244770076159
619,E30000227,E06000052,0.09457244770076159
620,E30000227,E07000046,0.01002602911404608
621,E30000227,E07000047,0.029692470837751856
622,E30000227,E07000047,0.029692470837751856
623,E30000227,E06000052,0.09457244770076159
624,E30000227,E06000052,0.09457244770076159
625,E30000227,E07000046,0.01002602911404608
626,E30000228,E07000221,0.1944849722789612
627,E30000228,E07000220,0.003355704697986577
628,E30000228,E07000221,0.1944849722789612
629,E30000228,E07000222,0.20145170703238985
630,E30000228,E07000238,0.0013860519404727168
631,E30000228,E07000238,0.0013860519404727168
632,E30000228,E07000238,0.0013860519404727168
633,E30000228,E07000221,0.1944849722789612
634,E30000228,E07000238,0.0013860519404727168
635,E30000228,E07000220,0.003355704697986577
636,E30000228,E07000238,0.0013860519404727168
637,E30000228,E07000222,0.20145170703238985
638,E30000229,E08000035,0.24066400764969892
639,E30000229,E08000032,0.01299931945246074
640,E30000229,E08000034,0.0037817768320942773
641,E30000229,E08000034,0.0037817768320942773
642,E30000229,E08000035,0.24066400764969892
643,E30000229,E08000032,0.01299931945246074
644,E30000229,E08000035,0.24066400764969892
645,E30000229,E08000035,0.24066400764969892
646,E30000229,E08000034,0.0037817768320942773
647,E30000230,E07000134,0.0651623473339291
648,E30000230,E07000129,0.08996127494787012
649,E30000230,E07000134,0.0651623473339291
650,E30000230,E06000016,0.23470856915897131
651,E30000230,E07000130,0.13129282097110515
652,E30000230,E07000132,0.07712739549200676
653,E30000230,E07000132,0.07712739549200676
654,E30000230,E07000135,0.052005759110316754
655,E30000230,E07000134,0.0651623473339291
656,E30000230,E07000134,0.0651623473339291
657,E30000230,E07000132,0.07712739549200676
658,E30000231,E07000139,0.21499911352756929
659,E30000231,E07000142,0.17398498906684
660,E30000231,E07000171,0.013828969919035518
661,E30000231,E07000171,0.013828969919035518
662,E30000231,E07000142,0.17398498906684
663,E30000231,E07000171,0.013828969919035518
664,E30000231,E07000142,0.17398498906684
665,E30000231,E07000138,0.2215590095148041
666,E30000232,E06000052,0.1111111111111111
667,E30000232,E06000052,0.1111111111111111
668,E30000232,E06000052,0.1111111111111111
669,E30000232,E06000052,0.1111111111111111
670,E30000232,E06000052,0.1111111111111111
671,E30000232,E06000052,0.1111111111111111
672,E30000232,E06000052,0.1111111111111111
673,E30000232,E06000052,0.1111111111111111
674,E30000232,E06000052,0.1111111111111111
675,E30000233,E07000127,0.06871304566612152
676,E30000233,E08000014,0.23462070700717072
677,E30000233,E07000127,0.06871304566612152
678,E30000233,E07000127,0.06871304566612152
679,E30000233,E08000013,0.007749402440558561
680,E30000233,E08000012,0.4301924770411372
681,E30000233,E08000011,0.11354887407221034
682,E30000233,E08000013,0.007749402440558561
683,E30000234,E09000024,0.016275464379901947
684,E30000234,E09000023,0.022788510494671146
685,E30000234,E09000031,0.018034587507079397
686,E30000234,E09000025,0.019347494036143543
687,E30000234,E07000109,0.008120570013100462
688,E30000234,E07000102,0.008695502937592605
689,E30000234,E07000241,0.0010783567787738197
690,E30000234,E09000013,0.019888102606934664
691,E30000234,E09000026,0.02159573920356058
692,E30000234,E09000027,0.001707636596625916
693,E30000234,E09000032,0.028789551666733408
694,E30000234,E07000111,0.0036927283856684383
695,E30000234,E07000107,0.008872845431714559
696,E30000234,E07000102,0.008695502937592605
697,E30000234,E09000015,0.01653861775827646
698,E30000234,E09000015,0.01653861775827646
699,E30000234,E09000016,0.021504207593691184
700,E30000234,E07000211,0.003807142898005183
701,E30000234,E07000109,0.008120570013100462
702,E30000234,E07000066,0.00046623913777223505
703,E30000234,E07000111,0.0036927283856684383
704,E30000234,E07000210,0.0017019158710090787
705,E30000234,E09000022,0.028843898560093364
706,E30000234,E09000029,0.01647568977649125
707,E30000234,E06000034,0.009496404523949818
708,E30000234,E09000030,0.027396554979033542
709,E30000234,E09000019,0.03613496335875242
710,E30000234,E09000033,0.08900304914675378
711,E30000234,E07000098,0.015363008644016407
712,E30000234,E07000098,0.015363008644016407
713,E30000234,E07000095,0.010214355588862892
714,E30000234,E09000021,0.004276242398585837
715,E30000234,E09000014,0.022087721606608584
716,E30000234,E09000028,0.033918182182227995
717,E30000234,E09000003,0.04401812325875414
718,E30000234,E09000002,0.012468321481896763
719,E30000234,E09000012,0.019029993764409076
720,E30000234,E07000241,0.0010783567787738197
721,E30000234,E09000004,0.017880127915424794
722,E30000234,E09000005,0.028755227313032386
723,E30000234,E09000005,0.028755227313032386
724,E30000234,E06000034,0.009496404523949818
725,E30000234,E09000007,0.04476181758894298
726,E30000234,E09000008,0.03624079678266391
727,E30000234,E07000072,0.011307014181678805
728,E30000234,E09000009,0.01767704215602707
729,E30000234,E09000010,0.027662568720216472
730,E30000234,E09000021,0.004276242398585837
731,E30000234,E07000111,0.0036927283856684383
732,E30000234,E09000011,0.021152382968255695
733,E30000234,E07000208,0.007814511192599669
734,E30000234,E09000009,0.01767704215602707
735,E30000234,E07000072,0.011307014181678805
736,E30000234,E09000006,0.03160128830740891
737,E30000234,E07000242,0.00020594612220614062
738,E30000234,E07000242,0.00020594612220614062
739,E30000234,E09000027,0.001707636596625916
740,E30000234,E07000215,0.002408425484688478
741,E30000234,E07000066,0.00046623913777223505
742,E30000234,E07000215,0.002408425484688478
743,E30000234,E07000242,0.00020594612220614062
744,E30000234,E07000211,0.003807142898005183
745,E30000234,E07000210,0.0017019158710090787
746,E30000234,E07000210,0.0017019158710090787
747,E30000234,E07000102,0.008695502937592605
748,E30000234,E07000072,0.011307014181678805
749,E30000235,E07000206,0.7202688728024819
750,E30000235,E07000149,0.05084453636677008
751,E30000235,E07000205,0.06359875904860393
752,E30000235,E07000205,0.06359875904860393
753,E30000235,E07000149,0.05084453636677008
754,E30000235,E07000149,0.05084453636677008
755,E30000236,E06000051,0.14947916666666666
756,E30000236,E07000235,0.017881944444444443
757,E30000236,E06000051,0.14947916666666666
758,E30000236,E06000051,0.14947916666666666
759,E30000236,E07000235,0.017881944444444443
760,E30000236,E06000019,0.016493055555555556
761,E30000236,E06000019,0.016493055555555556
762,E30000236,E06000051,0.14947916666666666
763,E30000236,E06000019,0.016493055555555556
764,E30000236,E06000051,0.14947916666666666
765,E30000236,E06000051,0.14947916666666666
766,E30000236,E07000235,0.017881944444444443
767,E30000237,E07000096,0.15142727456122654
768,E30000237,E06000056,0.0687916078273149
769,E30000237,E07000004,0.006203348799677224
770,E30000237,E07000099,0.0017651805527536817
771,E30000237,E07000240,0.16633044179947548
772,E30000237,E07000099,0.0017651805527536817
773,E30000237,E06000056,0.0687916078273149
774,E30000237,E06000032,0.12547912043574744
775,E30000237,E07000103,0.16774258624167843
776,E30000237,E07000102,0.027915069598547507
777,E30000237,E07000004,0.006203348799677224
778,E30000237,E06000056,0.0687916078273149
779,E30000237,E07000004,0.006203348799677224
780,E30000237,E07000102,0.027915069598547507
781,E30000237,E07000099,0.0017651805527536817
782,E30000237,E07000004,0.006203348799677224
783,E30000237,E07000102,0.027915069598547507
784,E30000237,E06000056,0.0687916078273149
785,E30000238,E07000167,0.5
786,E30000238,E07000167,0.5
787,E30000239,E06000049,0.04903834667303787
788,E30000239,E07000037,0.022682475212041572
789,E30000239,E07000037,0.022682475212041572
790,E30000239,E08000006,0.08786285987337236
791,E30000239,E08000002,0.06261199378807789
792,E30000239,E08000003,0.19464520367936924
793,E30000239,E08000004,0.057348285748417153
794,E30000239,E08000005,0.05841595986142635
795,E30000239,E06000008,0.001478318002628121
796,E30000239,E06000049,0.04903834667303787
797,E30000239,E08000007,0.07540168438657269
798,E30000239,E08000008,0.06235814120176801
799,E30000239,E07000125,0.0020905507107872416
800,E30000239,E08000001,0.07195974196631227
801,E30000239,E08000010,0.013252598255883407
802,E30000239,E06000008,0.001478318002628121
803,E30000239,E06000049,0.04903834667303787
804,E30000239,E07000125,0.0020905507107872416
805,E30000239,E07000037,0.022682475212041572
806,E30000239,E08000009,0.08059072990084816
807,E30000239,E08000010,0.013252598255883407
808,E30000240,E07000171,0.006151953245155337
809,E30000240,E07000173,0.017763764995386035
810,E30000240,E07000170,0.16087357736081206
811,E30000240,E07000170,0.16087357736081206
812,E30000240,E07000174,0.2496155029221778
813,E30000240,E07000033,0.06928637342356198
814,E30000240,E07000032,0.05559827745309136
815,E30000240,E07000173,0.017763764995386035
816,E30000240,E07000171,0.006151953245155337
817,E30000240,E07000032,0.05559827745309136
818,E30000240,E07000033,0.06928637342356198
819,E30000240,E07000171,0.006151953245155337
820,E30000240,E07000033,0.06928637342356198
821,E30000240,E07000032,0.05559827745309136
822,E30000241,E07000114,1.0
823,E30000242,E07000115,0.10714929516530267
824,E30000242,E07000110,0.23618271622742185
825,E30000242,E06000035,0.2888560406677002
826,E30000242,E07000113,0.1285286801023903
827,E30000242,E07000109,0.0018026462847460071
828,E30000242,E07000113,0.1285286801023903
829,E30000242,E07000115,0.10714929516530267
830,E30000242,E07000109,0.0018026462847460071
831,E30000243,E06000056,0.07358877426795668
832,E30000243,E06000056,0.07358877426795668
833,E30000243,E07000155,0.010828474402511694
834,E30000243,E07000155,0.010828474402511694
835,E30000243,E07000004,0.07736912923688088
836,E30000243,E06000056,0.07358877426795668
837,E30000243,E06000056,0.07358877426795668
838,E30000243,E07000155,0.010828474402511694
839,E30000243,E07000004,0.07736912923688088
840,E30000243,E07000004,0.07736912923688088
841,E30000243,E07000004,0.07736912923688088
842,E30000243,E06000042,0.3636829627731146
843,E30000244,E06000037,0.25267665952890794
844,E30000244,E06000054,0.017431745182012848
845,E30000244,E06000054,0.017431745182012848
846,E30000244,E06000054,0.017431745182012848
847,E30000244,E07000084,0.039982601713062095
848,E30000244,E06000037,0.25267665952890794
849,E30000244,E06000054,0.017431745182012848
850,E30000244,E06000037,0.25267665952890794
851,E30000244,E07000084,0.039982601713062095
852,E30000244,E07000084,0.039982601713062095
853,E30000244,E06000054,0.017431745182012848
854,E30000244,E06000054,0.017431745182012848
855,E30000244,E06000054,0.017431745182012848
856,E30000245,E06000057,0.04428115901843893
857,E30000245,E06000057,0.04428115901843893
858,E30000245,E06000047,0.07738804935533065
859,E30000245,E06000057,0.04428115901843893
860,E30000245,E08000021,0.13736309441286565
861,E30000245,E08000022,0.09661721891030084
862,E30000245,E06000057,0.04428115901843893
863,E30000245,E08000023,0.05372244558436157
864,E30000245,E06000047,0.07738804935533065
865,E30000245,E06000047,0.07738804935533065
866,E30000245,E06000047,0.07738804935533065
867,E30000245,E06000047,0.07738804935533065
868,E30000245,E08000037,0.09450991265770137
869,E30000245,E08000023,0.05372244558436157
870,E30000246,E07000165,0.05551969012265978
871,E30000246,E07000166,0.4167204648160103
872,E30000246,E07000165,0.05551969012265978
873,E30000246,E07000166,0.4167204648160103
874,E30000246,E07000165,0.05551969012265978
875,E30000247,E07000151,0.13831117698828108
876,E30000247,E07000153,0.0038445504655148454
877,E30000247,E07000155,0.07253694010838853
878,E30000247,E07000151,0.13831117698828108
879,E30000247,E07000155,0.07253694010838853
880,E30000247,E07000155,0.07253694010838853
881,E30000247,E07000153,0.0038445504655148454
882,E30000247,E07000151,0.13831117698828108
883,E30000247,E07000154,0.3597665477789615
884,E30000248,E07000149,0.1339244805002291
885,E30000248,E07000147,0.04371614155189607
886,E30000248,E07000148,0.10961377786162844
887,E30000248,E07000149,0.1339244805002291
888,E30000248,E07000143,0.05379618898741342
889,E30000248,E07000147,0.04371614155189607
890,E30000248,E07000143,0.05379618898741342
891,E30000248,E07000147,0.04371614155189607
892,E30000248,E07000144,0.141363232083659
893,E30000248,E07000203,0.0036654717947335793
894,E30000248,E07000143,0.05379618898741342
895,E30000248,E07000203,0.0036654717947335793
896,E30000248,E07000149,0.1339244805002291
897,E30000248,E07000147,0.04371614155189607
898,E30000248,E07000203,0.0036654717947335793
899,E30000249,E07000176,0.08985840493767397
900,E30000249,E07000036,0.0802372019847513
901,E30000249,E07000172,0.0995098632457945
902,E30000249,E07000032,0.027744160716446812
903,E30000249,E07000170,0.030285610553067895
904,E30000249,E07000134,0.0041752390173060636
905,E30000249,E06000018,0.30412683044898947
906,E30000249,E07000173,0.09276291903666949
907,E30000249,E07000032,0.027744160716446812
908,E30000249,E07000032,0.027744160716446812
909,E30000249,E07000170,0.030285610553067895
910,E30000249,E07000134,0.0041752390173060636
911,E30000249,E07000134,0.0041752390173060636
912,E30000249,E07000036,0.0802372019847513
913,E30000249,E07000173,0.09276291903666949
914,E30000249,E07000134,0.0041752390173060636
915,E30000250,E07000179,0.10539114745739445
916,E30000250,E07000004,0.012708124963228805
917,E30000250,E07000181,0.15226216391127845
918,E30000250,E07000179,0.10539114745739445
919,E30000250,E07000179,0.10539114745739445
920,E30000250,E07000180,0.09485987723323724
921,E30000250,E07000180,0.09485987723323724
922,E30000250,E07000004,0.012708124963228805
923,E30000250,E07000177,0.08270086878076523
924,E30000250,E07000004,0.012708124963228805
925,E30000250,E07000178,0.12561040183561806
926,E30000250,E07000177,0.08270086878076523
927,E30000250,E07000004,0.012708124963228805
928,E30000252,E06000052,0.1111111111111111
929,E30000252,E06000052,0.1111111111111111
930,E30000252,E06000052,0.1111111111111111
931,E30000252,E06000052,0.1111111111111111
932,E30000252,E06000052,0.1111111111111111
933,E30000252,E06000052,0.1111111111111111
934,E30000252,E06000052,0.1111111111111111
935,E30000252,E06000052,0.1111111111111111
936,E30000252,E06000052,0.1111111111111111
937,E30000253,E06000052,0.03799168113189009
938,E30000253,E06000052,0.03799168113189009
939,E30000253,E06000052,0.03799168113189009
940,E30000253,E06000052,0.03799168113189009
941,E30000253,E06000052,0.03799168113189009
942,E30000253,E06000052,0.03799168113189009
943,E30000253,E07000047,0.045196999967248554
944,E30000253,E07000044,0.04811187895064357
945,E30000253,E07000047,0.045196999967248554
946,E30000253,E07000044,0.04811187895064357
947,E30000253,E06000052,0.03799168113189009
948,E30000253,E07000047,0.045196999967248554
949,E30000253,E06000026,0.28483935414142075
950,E30000253,E07000044,0.04811187895064357
951,E30000253,E06000052,0.03799168113189009
952,E30000253,E07000044,0.04811187895064357
953,E30000253,E07000047,0.045196999967248554
954,E30000253,E06000052,0.03799168113189009
955,E30000254,E07000085,0.06668974633348021
956,E30000254,E07000085,0.06668974633348021
957,E30000254,E07000225,0.0024233650154214135
958,E30000254,E07000088,0.07100144772455466
959,E30000254,E07000087,0.10159249701013408
960,E30000254,E07000087,0.10159249701013408
961,E30000254,E07000090,0.12547995216214514
962,E30000254,E06000044,0.19840120853528043
963,E30000254,E07000085,0.06668974633348021
964,E30000254,E07000090,0.12547995216214514
965,E30000254,E07000225,0.0024233650154214135
966,E30000254,E07000225,0.0024233650154214135
967,E30000254,E07000225,0.0024233650154214135
968,E30000254,E07000085,0.06668974633348021
969,E30000255,E07000127,0.020604997807978958
970,E30000255,E07000127,0.020604997807978958
971,E30000255,E07000128,0.04581323980710215
972,E30000255,E07000127,0.020604997807978958
973,E30000255,E07000119,0.025646646207803596
974,E30000255,E07000124,0.024605436212187637
975,E30000255,E07000124,0.024605436212187637
976,E30000255,E07000128,0.04581323980710215
977,E30000255,E07000119,0.025646646207803596
978,E30000255,E07000118,0.21037921964050854
979,E30000255,E07000126,0.22101052170100832
980,E30000255,E07000123,0.3146646207803595
981,E30000256,E07000179,0.05123398937831927
982,E30000256,E06000036,0.12214932833489535
983,E30000256,E07000089,0.015542018119337708
984,E30000256,E06000037,0.049945329584504844
985,E30000256,E06000041,0.1626835363948766
986,E30000256,E06000037,0.049945329584504844
987,E30000256,E06000036,0.12214932833489535
988,E30000256,E06000040,0.026964229928147454
989,E30000256,E07000179,0.05123398937831927
990,E30000256,E06000037,0.049945329584504844
991,E30000256,E07000089,0.015542018119337708
992,E30000256,E07000179,0.05123398937831927
993,E30000256,E06000040,0.026964229928147454
994,E30000256,E07000089,0.015542018119337708
995,E30000256,E06000038,0.16196110590440488
996,E30000256,E06000040,0.026964229928147454
997,E30000257,E06000052,0.1111111111111111
998,E30000257,E06000052,0.1111111111111111
999,E30000257,E06000052,0.1111111111111111
1000,E30000257,E06000052,0.1111111111111111
1001,E30000257,E06000052,0.1111111111111111
1002,E30000257,E06000052,0.1111111111111111
1003,E30000257,E06000052,0.1111111111111111
1004,E30000257,E06000052,0.1111111111111111
1005,E30000257,E06000052,0.1111111111111111
1006,E30000258,E06000054,0.13510609109200658
1007,E30000258,E07000049,0.003201024327784891
1008,E30000258,E06000054,0.13510609109200658
1009,E30000258,E07000091,0.014884763124199745
1010,E30000258,E06000054,0.13510609109200658
1011,E30000258,E06000054,0.13510609109200658
1012,E30000258,E06000054,0.13510609109200658
1013,E30000258,E06000054,0.13510609109200658
1014,E30000258,E06000054,0.13510609109200658
1015,E30000258,E07000049,0.003201024327784891
1016,E30000258,E07000091,0.014884763124199745
1017,E30000258,E07000049,0.003201024327784891
1018,E30000258,E07000091,0.014884763124199745
1019,E30000259,E07000168,0.5
1020,E30000259,E07000168,0.5
1021,E30000260,E06000013,0.4701885510446747
1022,E30000260,E07000142,0.019874299303550197
1023,E30000260,E06000013,0.4701885510446747
1024,E30000260,E07000142,0.019874299303550197
1025,E30000260,E07000142,0.019874299303550197
1026,E30000261,E07000035,0.007330898784542432
1027,E30000261,E08000018,0.22488690249087046
1028,E30000261,E08000019,0.50596827819262
1029,E30000261,E07000035,0.007330898784542432
1030,E30000261,E07000037,0.0025344743009756364
1031,E30000261,E07000035,0.007330898784542432
1032,E30000261,E07000037,0.0025344743009756364
1033,E30000261,E07000037,0.0025344743009756364
1034,E30000261,E07000035,0.007330898784542432
1035,E30000261,E07000035,0.007330898784542432
1036,E30000261,E08000018,0.22488690249087046
1037,E30000262,E06000051,0.16666666666666666
1038,E30000262,E06000051,0.16666666666666666
1039,E30000262,E06000051,0.16666666666666666
1040,E30000262,E06000051,0.16666666666666666
1041,E30000262,E06000051,0.16666666666666666
1042,E30000262,E06000051,0.16666666666666666
1043,E30000263,E07000040,0.43143365983971504
1044,E30000263,E07000052,0.03428317008014248
1045,E30000263,E07000052,0.03428317008014248
1046,E30000263,E07000052,0.03428317008014248
1047,E30000263,E07000040,0.43143365983971504
1048,E30000263,E07000052,0.03428317008014248
1049,E30000266,E07000102,0.0019992475949911323
1050,E30000266,E07000212,0.035599505562422744
1051,E30000266,E09000009,0.05049712473800183
1052,E30000266,E06000039,0.051303272961788576
1053,E30000266,E09000027,0.07684204869135272
1054,E30000266,E09000009,0.05049712473800183
1055,E30000266,E09000005,0.0011608534422529156
1056,E30000266,E09000005,0.0011608534422529156
1057,E30000266,E07000207,0.05421615521040469
1058,E30000266,E07000006,0.021980974901918634
1059,E30000266,E06000040,0.05520503036491643
1060,E30000266,E09000017,0.109184715429677
1061,E30000266,E07000207,0.05421615521040469
1062,E30000266,E09000015,0.02775299618423174
1063,E30000266,E09000021,0.046219164830440154
1064,E30000266,E07000212,0.035599505562422744
1065,E30000266,E07000006,0.021980974901918634
1066,E30000266,E07000102,0.0019992475949911323
1067,E30000266,E09000027,0.07684204869135272
1068,E30000266,E07000102,0.0019992475949911323
1069,E30000266,E07000213,0.0393615306067609
1070,E30000266,E09000015,0.02775299618423174
1071,E30000266,E06000040,0.05520503036491643
1072,E30000266,E09000021,0.046219164830440154
1073,E30000266,E06000040,0.05520503036491643
1074,E30000267,E07000093,0.05460238172801969
1075,E30000267,E07000087,0.03368081948818185
1076,E30000267,E07000091,0.1401708473594672
1077,E30000267,E06000045,0.2541173489702103
1078,E30000267,E07000091,0.1401708473594672
1079,E30000267,E07000085,0.0038187280558873568
1080,E30000267,E07000085,0.0038187280558873568
1081,E30000267,E07000093,0.05460238172801969
1082,E30000267,E07000091,0.1401708473594672
1083,E30000267,E07000085,0.0038187280558873568
1084,E30000267,E07000085,0.0038187280558873568
1085,E30000267,E07000087,0.03368081948818185
1086,E30000267,E07000086,0.13352879429543563
1087,E30000268,E07000068,0.0026869682042095834
1088,E30000268,E07000070,0.004528039010797631
1089,E30000268,E07000066,0.28213166144200624
1090,E30000268,E06000033,0.286062596407424
1091,E30000268,E06000034,0.06762203313927452
1092,E30000268,E07000066,0.28213166144200624
1093,E30000268,E07000068,0.0026869682042095834
1094,E30000268,E06000034,0.06762203313927452
1095,E30000268,E07000070,0.004528039010797631
1096,E30000270,E06000052,0.1111111111111111
1097,E30000270,E06000052,0.1111111111111111
1098,E30000270,E06000052,0.1111111111111111
1099,E30000270,E06000052,0.1111111111111111
1100,E30000270,E06000052,0.1111111111111111
1101,E30000270,E06000052,0.1111111111111111
1102,E30000270,E06000052,0.1111111111111111
1103,E30000270,E06000052,0.1111111111111111
1104,E30000270,E06000052,0.1111111111111111
1105,E30000271,E07000196,0.02826450647177952
1106,E30000271,E07000196,0.02826450647177952
1107,E30000271,E07000192,0.06894426344985471
1108,E30000271,E07000197,0.388658976842476
1109,E30000271,E07000197,0.388658976842476
1110,E30000271,E07000192,0.06894426344985471
1111,E30000271,E07000196,0.02826450647177952
1112,E30000272,E06000056,0.053034802233044305
1113,E30000272,E06000056,0.053034802233044305
1114,E30000272,E07000099,0.13463594251098707
1115,E30000272,E07000241,0.12385675258344221
1116,E30000272,E07000242,0.016272716474640694
1117,E30000272,E07000098,0.0024349685235776223
1118,E30000272,E06000056,0.053034802233044305
1119,E30000272,E07000099,0.13463594251098707
1120,E30000272,E07000099,0.13463594251098707
1121,E30000272,E07000242,0.016272716474640694
1122,E30000272,E07000241,0.12385675258344221
1123,E30000272,E07000243,0.08255137189689987
1124,E30000272,E07000098,0.0024349685235776223
1125,E30000272,E06000056,0.053034802233044305
1126,E30000272,E07000242,0.016272716474640694
1127,E30000273,E06000049,0.05432907899275612
1128,E30000273,E06000051,0.0031476371162469817
1129,E30000273,E06000021,0.37245601931700584
1130,E30000273,E07000198,0.14944808554674024
1131,E30000273,E06000051,0.0031476371162469817
1132,E30000273,E06000049,0.05432907899275612
1133,E30000273,E07000197,0.012676785098309763
1134,E30000273,E07000193,0.03212314591238358
1135,E30000273,E06000051,0.0031476371162469817
1136,E30000273,E06000051,0.0031476371162469817
1137,E30000273,E06000051,0.0031476371162469817
1138,E30000273,E06000049,0.05432907899275612
1139,E30000273,E07000193,0.03212314591238358
1140,E30000273,E07000197,0.012676785098309763
1141,E30000273,E07000195,0.17449982752673335
1142,E30000273,E07000193,0.03212314591238358
1143,E30000273,E06000051,0.0031476371162469817
1144,E30000274,E07000188,0.009164121077478478
1145,E30000274,E07000188,0.009164121077478478
1146,E30000274,E07000187,0.3241692122558549
1147,E30000274,E07000188,0.009164121077478478
1148,E30000274,E07000187,0.3241692122558549
1149,E30000274,E07000187,0.3241692122558549
1150,E30000275,E06000047,0.11915547024952015
1151,E30000275,E06000047,0.11915547024952015
1152,E30000275,E06000047,0.11915547024952015
1153,E30000275,E06000047,0.11915547024952015
1154,E30000275,E08000023,0.025412667946257197
1155,E30000275,E06000047,0.11915547024952015
1156,E30000275,E08000024,0.35339731285988485
1157,E30000275,E08000023,0.025412667946257197
1158,E30000276,E06000030,0.1966337704474787
1159,E30000276,E07000180,0.007457978459735929
1160,E30000276,E07000180,0.007457978459735929
1161,E30000276,E06000054,0.11263575323329278
1162,E30000276,E06000054,0.11263575323329278
1163,E30000276,E06000054,0.11263575323329278
1164,E30000276,E06000054,0.11263575323329278
1165,E30000276,E06000054,0.11263575323329278
1166,E30000276,E06000054,0.11263575323329278
1167,E30000276,E06000054,0.11263575323329278
1168,E30000277,E07000191,0.02782721242517392
1169,E30000277,E07000042,0.053227633069082674
1170,E30000277,E07000189,0.02928328749393302
1171,E30000277,E07000190,0.7514965215984468
1172,E30000277,E07000189,0.02928328749393302
1173,E30000277,E07000191,0.02782721242517392
1174,E30000277,E07000191,0.02782721242517392
1175,E30000277,E07000042,0.053227633069082674
1176,E30000278,E06000020,0.3579313774241671
1177,E30000278,E06000051,0.10701143709597215
1178,E30000278,E06000051,0.10701143709597215
1179,E30000278,E06000051,0.10701143709597215
1180,E30000278,E06000051,0.10701143709597215
1181,E30000278,E06000051,0.10701143709597215
1182,E30000278,E06000051,0.10701143709597215
1183,E30000279,E06000027,0.5272206303724928
1184,E30000279,E07000044,0.09895620139173147
1185,E30000279,E07000044,0.09895620139173147
1186,E30000279,E07000044,0.09895620139173147
1187,E30000279,E07000045,0.038477282030290626
1188,E30000279,E07000045,0.038477282030290626
1189,E30000279,E07000044,0.09895620139173147
1190,E30000280,E06000054,0.13440329956065633
1191,E30000280,E07000187,0.019725634358468573
1192,E30000280,E07000187,0.019725634358468573
1193,E30000280,E06000054,0.13440329956065633
1194,E30000280,E07000187,0.019725634358468573
1195,E30000280,E06000054,0.13440329956065633
1196,E30000280,E06000054,0.13440329956065633
1197,E30000280,E06000054,0.13440329956065633
1198,E30000280,E06000054,0.13440329956065633
1199,E30000280,E06000054,0.13440329956065633
1200,E30000281,E07000064,0.016019623281448733
1201,E30000281,E07000111,0.11640724365574466
1202,E30000281,E07000065,0.0823087638544001
1203,E30000281,E07000111,0.11640724365574466
1204,E30000281,E07000065,0.0823087638544001
1205,E30000281,E07000064,0.016019623281448733
1206,E30000281,E07000065,0.0823087638544001
1207,E30000281,E07000115,0.06401792744231119
1208,E30000281,E07000111,0.11640724365574466
1209,E30000281,E07000115,0.06401792744231119
1210,E30000281,E07000116,0.1614681121676458
1211,E30000281,E07000065,0.0823087638544001
1212,E30000282,E06000052,0.1111111111111111
1213,E30000282,E06000052,0.1111111111111111
1214,E30000282,E06000052,0.1111111111111111
1215,E30000282,E06000052,0.1111111111111111
1216,E30000282,E06000052,0.1111111111111111
1217,E30000282,E06000052,0.1111111111111111
1218,E30000282,E06000052,0.1111111111111111
1219,E30000282,E06000052,0.1111111111111111
1220,E30000282,E06000052,0.1111111111111111
1221,E30000283,E08000035,0.015711112939047464
1222,E30000283,E08000036,0.9371555482438102
1223,E30000283,E08000035,0.015711112939047464
1224,E30000283,E08000035,0.015711112939047464
1225,E30000283,E08000035,0.015711112939047464
1226,E30000284,E08000013,0.12259615384615384
1227,E30000284,E07000127,0.009722699175824176
1228,E30000284,E07000127,0.009722699175824176
1229,E30000284,E06000050,0.029876373626373628
1230,E30000284,E08000010,0.17337740384615385
1231,E30000284,E08000010,0.17337740384615385
1232,E30000284,E06000050,0.029876373626373628
1233,E30000284,E06000050,0.029876373626373628
1234,E30000284,E07000127,0.009722699175824176
1235,E30000284,E06000007,0.1704369848901099
1236,E30000284,E06000050,0.029876373626373628
1237,E30000284,E06000006,0.0889423076923077
1238,E30000284,E08000013,0.12259615384615384
1239,E30000285,E07000188,0.057463965966093086
1240,E30000285,E06000024,0.4138040510508604
1241,E30000285,E07000188,0.057463965966093086
1242,E30000285,E07000188,0.057463965966093086
1243,E30000285,E06000024,0.4138040510508604
1244,E30000286,E07000029,1.0
1245,E30000287,E07000010,0.27820160716102127
1246,E30000287,E07000146,0.05513172617231207
1247,E30000287,E07000010,0.27820160716102127
1248,E30000287,E07000146,0.05513172617231207
1249,E30000287,E07000010,0.27820160716102127
1250,E30000287,E07000146,0.05513172617231207
1251,E30000288,E06000051,0.00906816760475297
1252,E30000288,E06000051,0.00906816760475297
1253,E30000288,E07000196,0.06871482176360225
1254,E30000288,E07000192,0.07952887221179904
1255,E30000288,E08000027,0.006853241609339171
1256,E30000288,E06000051,0.00906816760475297
1257,E30000288,E08000031,0.22276943923285386
1258,E30000288,E07000196,0.06871482176360225
1259,E30000288,E06000051,0.00906816760475297
1260,E30000288,E08000030,0.17195643110277256
1261,E30000288,E08000027,0.006853241609339171
1262,E30000288,E06000051,0.00906816760475297
1263,E30000288,E07000196,0.06871482176360225
1264,E30000288,E07000192,0.07952887221179904
1265,E30000288,E08000030,0.17195643110277256
1266,E30000288,E06000051,0.00906816760475297
1267,E30000289,E07000238,0.062104717470191806
1268,E30000289,E07000235,0.09296699498876793
1269,E30000289,E07000239,0.13972697425263522
1270,E30000289,E07000238,0.062104717470191806
1271,E30000289,E07000238,0.062104717470191806
1272,E30000289,E07000235,0.09296699498876793
1273,E30000289,E07000237,0.13112147917746675
1274,E30000289,E07000238,0.062104717470191806
1275,E30000289,E07000239,0.13972697425263522
1276,E30000289,E07000235,0.09296699498876793
1277,E30000289,E07000238,0.062104717470191806
1278,E30000290,E07000026,0.5
1279,E30000290,E07000026,0.5
1280,E30000291,E07000171,0.309293065885358
1281,E30000291,E07000171,0.309293065885358
1282,E30000291,E07000033,0.02404026744797536
1283,E30000291,E07000033,0.02404026744797536
1284,E30000291,E07000033,0.02404026744797536
1285,E30000291,E07000171,0.309293065885358
1286,E30000292,E07000223,0.38694598337950137
1287,E30000292,E07000224,0.11305401662049862
1288,E30000292,E07000223,0.38694598337950137
1289,E30000292,E07000224,0.11305401662049862
1290,E30000293,E07000052,0.05625552608311229
1291,E30000293,E07000052,0.05625552608311229
1292,E30000293,E07000189,0.3874889478337754
1293,E30000293,E07000052,0.05625552608311229
1294,E30000293,E07000189,0.3874889478337754
1295,E30000293,E07000052,0.05625552608311229
1296,E30000294,E07000167,0.019141973371587392
1297,E30000294,E07000167,0.019141973371587392
1298,E30000294,E08000035,0.005603622181378043
1299,E30000294,E06000014,0.5570897027838795
1300,E30000294,E07000165,0.01488322051374008
1301,E30000294,E07000165,0.01488322051374008
1302,E30000294,E06000011,0.1125207334020711
1303,E30000294,E08000035,0.005603622181378043
1304,E30000294,E06000011,0.1125207334020711
1305,E30000294,E07000165,0.01488322051374008
1306,E30000294,E06000011,0.1125207334020711
1307,E30000294,E08000035,0.005603622181378043
1308,E30000294,E08000035,0.005603622181378043
1309,K01000005,E06000019,0.059903573079717325
1310,K01000005,E06000019,0.059903573079717325
1311,K01000005,E07000080,0.1861832111485371
1312,K01000005,E07000080,0.1861832111485371
1313,K01000005,W06000021,0.08724654910507892
1314,K01000005,E06000019,0.059903573079717325
1315,K01000005,W06000021,0.08724654910507892
1316,K01000005,W06000021,0.08724654910507892
1317,K01000005,E07000080,0.1861832111485371
1318,K01000009,E06000057,0.15783158813263526
1319,K01000009,S12000026,0.09216841186736474
1320,K01000009,S12000026,0.09216841186736474
1321,K01000009,S12000026,0.09216841186736474
1322,K01000009,E06000057,0.15783158813263526
1323,K01000009,E06000057,0.15783158813263526
1324,K01000009,E06000057,0.15783158813263526
1325,K01000009,S12000026,0.09216841186736474
1326,K01000010,E07000030,0.011393260596697886
1327,K01000010,E07000026,0.11750506903543498
1328,K01000010,E07000028,0.4532200444144057
1329,K01000010,E07000030,0.011393260596697886
1330,K01000010,S12000006,0.055518007144926135
1331,K01000010,S12000006,0.055518007144926135
1332,K01000010,E07000030,0.011393260596697886
1333,K01000010,E07000026,0.11750506903543498
1334,K01000010,S12000006,0.055518007144926135
1335,K01000010,S12000006,0.055518007144926135
1336,K01000010,S12000006,0.055518007144926135
1337,K01000011,E06000050,0.19336906095024797
1338,K01000011,W06000005,0.07550791873300272
1339,K01000011,W06000005,0.07550791873300272
1340,K01000011,E06000050,0.19336906095024797
1341,K01000011,E06000050,0.19336906095024797
1342,K01000011,W06000005,0.07550791873300272
1343,K01000011,E06000050,0.19336906095024797
1344,K01000013,W06000020,0.08723618090452262
1345,K01000013,W06000020,0.08723618090452262
1346,K01000013,W06000018,0.03678391959798995
1347,K01000013,W06000018,0.03678391959798995
1348,K01000013,W06000021,0.07747627024008934
1349,K01000013,E07000080,0.007839195979899497
1350,K01000013,W06000021,0.07747627024008934
1351,K01000013,W06000019,0.0012506979341150195
1352,K01000013,W06000018,0.03678391959798995
1353,K01000013,W06000021,0.07747627024008934
1354,K01000013,W06000019,0.0012506979341150195
1355,K01000013,W06000022,0.2283640424343942
1356,K01000013,E07000080,0.007839195979899497
1357,K01000013,E07000080,0.007839195979899497
1358,K01000013,W06000022,0.2283640424343942
1359,K01000014,W06000023,0.027725375864631568
1360,K01000014,W06000023,0.027725375864631568
1361,K01000014,W06000023,0.027725375864631568
1362,K01000014,W06000023,0.027725375864631568
1363,K01000014,W06000006,0.006631223918138684
1364,K01000014,W06000023,0.027725375864631568
1365,K01000014,E06000051,0.1321099868518836
1366,K01000014,W06000023,0.027725375864631568
1367,K01000014,W06000023,0.027725375864631568
1368,K01000014,W06000006,0.006631223918138684
1369,K01000014,E06000051,0.1321099868518836
1370,K01000014,E06000051,0.1321099868518836
1371,K01000014,E06000051,0.1321099868518836
1372,K01000014,E06000051,0.1321099868518836
1373,K01000014,E06000051,0.1321099868518836
1374,S22000005,S12000035,0.16666666666666666
1375,S22000005,S12000035,0.16666666666666666
1376,S22000005,S12000035,0.16666666666666666
1377,S22000005,S12000035,0.16666666666666666
1378,S22000005,S12000035,0.16666666666666666
1379,S22000005,S12000035,0.16666666666666666
1380,S22000013,S12000013,1.0
1381,S22000032,S12000035,0.16666666666666666
1382,S22000032,S12000035,0.16666666666666666
1383,S22000032,S12000035,0.16666666666666666
1384,S22000032,S12000035,0.16666666666666666
1385,S22000032,S12000035,0.16666666666666666
1386,S22000032,S12000035,0.16666666666666666
1387,S22000035,S12000023,1.0
1388,S22000039,S12000027,1.0
1389,S22000047,S12000041,0.0004950086626515964
1390,S22000047,S12000034,0.16102906800869016
1391,S22000047,S12000034,0.16102906800869016
1392,S22000047,S12000034,0.16102906800869016
1393,S22000047,S12000041,0.0004950086626515964
1394,S22000047,S12000034,0.16102906800869016
1395,S22000047,S12000041,0.0004950086626515964
1396,S22000047,S12000034,0.16102906800869016
1397,S22000047,S12000033,0.19336963396859444
1398,S22000048,S12000017,0.1
1399,S22000048,S12000017,0.1
1400,S22000048,S12000017,0.1
1401,S22000048,S12000017,0.1
1402,S22000048,S12000017,0.1
1403,S22000048,S12000017,0.1
1404,S22000048,S12000017,0.1
1405,S22000048,S12000017,0.1
1406,S22000048,S12000017,0.1
1407,S22000048,S12000017,0.1
1408,S22000049,S12000041,0.3333333333333333
1409,S22000049,S12000041,0.3333333333333333
1410,S22000049,S12000041,0.3333333333333333
1411,S22000050,S12000017,0.1
1412,S22000050,S12000017,0.1
1413,S22000050,S12000017,0.1
1414,S22000050,S12000017,0.1
1415,S22000050,S12000017,0.1
1416,S22000050,S12000017,0.1
1417,S22000050,S12000017,0.1
1418,S22000050,S12000017,0.1
1419,S22000050,S12000017,0.1
1420,S22000050,S12000017,0.1
1421,S22000051,S12000028,0.3191506871862398
1422,S22000051,S12000008,0.12056620854250678
1423,S22000051,S12000008,0.12056620854250678
1424,S22000051,S12000028,0.3191506871862398
1425,S22000051,S12000008,0.12056620854250678
1426,S22000052,S12000017,0.1
1427,S22000052,S12000017,0.1
1428,S22000052,S12000017,0.1
1429,S22000052,S12000017,0.1
1430,S22000052,S12000017,0.1
1431,S22000052,S12000017,0.1
1432,S22000052,S12000017,0.1
1433,S22000052,S12000017,0.1
1434,S22000052,S12000017,0.1
1435,S22000052,S12000017,0.1
1436,S22000053,S12000006,0.2
1437,S22000053,S12000006,0.2
1438,S22000053,S12000006,0.2
1439,S22000053,S12000006,0.2
1440,S22000053,S12000006,0.2
1441,S22000054,S12000035,0.1175758704151927
1442,S22000054,S12000039,0.1472723887544219
1443,S22000054,S12000035,0.1175758704151927
1444,S22000054,S12000039,0.1472723887544219
1445,S22000054,S12000035,0.1175758704151927
1446,S22000054,S12000035,0.1175758704151927
1447,S22000054,S12000035,0.1175758704151927
1448,S22000054,S12000035,0.1175758704151927
1449,S22000055,S12000029,0.0024497342269470764
1450,S22000055,S12000006,0.19755026577305293
1451,S22000055,S12000006,0.19755026577305293
1452,S22000055,S12000029,0.0024497342269470764
1453,S22000055,S12000006,0.19755026577305293
1454,S22000055,S12000006,0.19755026577305293
1455,S22000055,S12000006,0.19755026577305293
1456,S22000055,S12000029,0.0024497342269470764
1457,S22000055,S12000029,0.0024497342269470764
1458,S22000055,S12000029,0.0024497342269470764
1459,S22000056,S12000015,0.01997380484610347
1460,S22000056,S12000024,0.026904605981226806
1461,S22000056,S12000041,0.15504256712508185
1462,S22000056,S12000015,0.01997380484610347
1463,S22000056,S12000015,0.01997380484610347
1464,S22000056,S12000042,0.32738485046932986
1465,S22000056,S12000015,0.01997380484610347
1466,S22000056,S12000015,0.01997380484610347
1467,S22000056,S12000024,0.026904605981226806
1468,S22000056,S12000024,0.026904605981226806
1469,S22000056,S12000024,0.026904605981226806
1470,S22000056,S12000041,0.15504256712508185
1471,S22000056,S12000041,0.15504256712508185
1472,S22000057,S12000015,0.2
1473,S22000057,S12000015,0.2
1474,S22000057,S12000015,0.2
1475,S22000057,S12000015,0.2
1476,S22000057,S12000015,0.2
1477,S22000058,S12000035,0.16666666666666666
1478,S22000058,S12000035,0.16666666666666666
1479,S22000058,S12000035,0.16666666666666666
1480,S22000058,S12000035,0.16666666666666666
1481,S22000058,S12000035,0.16666666666666666
1482,S22000058,S12000035,0.16666666666666666
1483,S22000059,S12000029,0.0007781192856864957
1484,S22000059,S12000026,0.004824339571256274
1485,S22000059,S12000026,0.004824339571256274
1486,S22000059,S12000026,0.004824339571256274
1487,S22000059,S12000029,0.0007781192856864957
1488,S22000059,S12000026,0.004824339571256274
1489,S22000059,S12000010,0.13352526942380266
1490,S22000059,S12000036,0.7162588024744193
1491,S22000059,S12000019,0.12702797338832042
1492,S22000059,S12000029,0.0007781192856864957
1493,S22000059,S12000029,0.0007781192856864957
1494,S22000059,S12000029,0.0007781192856864957
1495,S22000060,S12000034,0.07601784189048116
1496,S22000060,S12000034,0.07601784189048116
1497,S22000060,S12000020,0.6199107905475942
1498,S22000060,S12000034,0.07601784189048116
1499,S22000060,S12000034,0.07601784189048116
1500,S22000060,S12000034,0.07601784189048116
1501,S22000061,S12000014,0.19349457881567975
1502,S22000061,S12000030,0.14850094376893025
1503,S22000061,S12000024,0.0056626135814933495
1504,S22000061,S12000014,0.19349457881567975
1505,S22000061,S12000015,0.006145472103946271
1506,S22000061,S12000015,0.006145472103946271
1507,S22000061,S12000024,0.0056626135814933495
1508,S22000061,S12000015,0.006145472103946271
1509,S22000061,S12000024,0.0056626135814933495
1510,S22000061,S12000014,0.19349457881567975
1511,S22000061,S12000005,0.06913656116939555
1512,S22000061,S12000030,0.14850094376893025
1513,S22000061,S12000015,0.006145472103946271
1514,S22000061,S12000024,0.0056626135814933495
1515,S22000061,S12000015,0.006145472103946271
1516,S22000062,S12000017,0.1
1517,S22000062,S12000017,0.1
1518,S22000062,S12000017,0.1
1519,S22000062,S12000017,0.1
1520,S22000062,S12000017,0.1
1521,S22000062,S12000017,0.1
1522,S22000062,S12000017,0.1
1523,S22000062,S12000017,0.1
1524,S22000062,S12000017,0.1
1525,S22000062,S12000017,0.1
1526,S22000063,S12000026,0.25
1527,S22000063,S12000026,0.25
1528,S22000063,S12000026,0.25
1529,S22000063,S12000026,0.25
1530,S22000064,S12000028,0.5
1531,S22000064,S12000028,0.5
1532,S22000065,S12000029,0.059981882795624
1533,S22000065,S12000030,0.0035537593199080203
1534,S22000065,S12000029,0.059981882795624
1535,S22000065,S12000039,0.019970733746777228
1536,S22000065,S12000008,0.004947390425754303
1537,S22000065,S12000014,0.0005295798202215873
1538,S22000065,S12000030,0.0035537593199080203
1539,S22000065,S12000044,0.03399066267159083
1540,S22000065,S12000029,0.059981882795624
1541,S22000065,S12000029,0.059981882795624
1542,S22000065,S12000044,0.03399066267159083
1543,S22000065,S12000008,0.004947390425754303
1544,S22000065,S12000029,0.059981882795624
1545,S22000065,S12000011,0.042798411260539335
1546,S22000065,S12000014,0.0005295798202215873
1547,S22000065,S12000038,0.08424500034840778
1548,S22000065,S12000044,0.03399066267159083
1549,S22000065,S12000045,0.05832346177966692
1550,S22000065,S12000039,0.019970733746777228
1551,S22000065,S12000014,0.0005295798202215873
1552,S22000065,S12000046,0.34927182774719534
1553,S22000065,S12000008,0.004947390425754303
1554,S22000066,S12000017,0.1
1555,S22000066,S12000017,0.1
1556,S22000066,S12000017,0.1
1557,S22000066,S12000017,0.1
1558,S22000066,S12000017,0.1
1559,S22000066,S12000017,0.1
1560,S22000066,S12000017,0.1
1561,S22000066,S12000017,0.1
1562,S22000066,S12000017,0.1
1563,S22000066,S12000017,0.1
1564,S22000067,S12000026,0.25
1565,S22000067,S12000026,0.25
1566,S22000067,S12000026,0.25
1567,S22000067,S12000026,0.25
1568,S22000068,S12000017,0.1
1569,S22000068,S12000017,0.1
1570,S22000068,S12000017,0.1
1571,S22000068,S12000017,0.1
1572,S22000068,S12000017,0.1
1573,S22000068,S12000017,0.1
1574,S22000068,S12000017,0.1
1575,S22000068,S12000017,0.1
1576,S22000068,S12000017,0.1
1577,S22000068,S12000017,0.1
1578,S22000069,S12000021,0.2653240410470285
1579,S22000069,S12000008,0.15645063930198103
1580,S22000069,S12000021,0.2653240410470285
1581,S22000069,S12000008,0.15645063930198103
1582,S22000069,S12000008,0.15645063930198103
1583,S22000070,S12000029,0.003065245949496424
1584,S22000070,S12000029,0.003065245949496424
1585,S22000070,S12000014,0.07765289738724274
1586,S22000070,S12000044,0.01050941468398774
1587,S22000070,S12000029,0.003065245949496424
1588,S22000070,S12000029,0.003065245949496424
1589,S22000070,S12000040,0.7201868340388264
1590,S22000070,S12000044,0.01050941468398774
1591,S22000070,S12000014,0.07765289738724274
1592,S22000070,S12000044,0.01050941468398774
1593,S22000070,S12000014,0.07765289738724274
1594,S22000070,S12000029,0.003065245949496424
1595,S22000071,S12000029,0.11660047656870533
1596,S22000071,S12000029,0.11660047656870533
1597,S22000071,S12000029,0.11660047656870533
1598,S22000071,S12000044,0.13899920571882446
1599,S22000071,S12000029,0.11660047656870533
1600,S22000071,S12000029,0.11660047656870533
1601,S22000071,S12000044,0.13899920571882446
1602,S22000071,S12000044,0.13899920571882446
1603,S22000072,S12000006,0.2
1604,S22000072,S12000006,0.2
1605,S22000072,S12000006,0.2
1606,S22000072,S12000006,0.2
1607,S22000072,S12000006,0.2
1608,S22000073,S12000035,0.16666666666666666
1609,S22000073,S12000035,0.16666666666666666
1610,S22000073,S12000035,0.16666666666666666
1611,S22000073,S12000035,0.16666666666666666
1612,S22000073,S12000035,0.16666666666666666
1613,S22000073,S12000035,0.16666666666666666
1614,S22000074,S12000015,0.006078332800146246
1615,S22000074,S12000015,0.006078332800146246
1616,S22000074,S12000015,0.006078332800146246
1617,S22000074,S12000015,0.006078332800146246
1618,S22000074,S12000024,0.2424020839998172
1619,S22000074,S12000024,0.2424020839998172
1620,S22000074,S12000015,0.006078332800146246
1621,S22000074,S12000024,0.2424020839998172
1622,S22000074,S12000024,0.2424020839998172
1623,S22000075,S12000034,0.2
1624,S22000075,S12000034,0.2
1625,S22000075,S12000034,0.2
1626,S22000075,S12000034,0.2
1627,S22000075,S12000034,0.2
1628,S22000076,S12000024,0.25
1629,S22000076,S12000024,0.25
1630,S22000076,S12000024,0.25
1631,S22000076,S12000024,0.25
1632,S22000077,S12000017,0.1
1633,S22000077,S12000017,0.1
1634,S22000077,S12000017,0.1
1635,S22000077,S12000017,0.1
1636,S22000077,S12000017,0.1
1637,S22000077,S12000017,0.1
1638,S22000077,S12000017,0.1
1639,S22000077,S12000017,0.1
1640,S22000077,S12000017,0.1
1641,S22000077,S12000017,0.1
1642,S22000078,S12000015,0.2
1643,S22000078,S12000015,0.2
1644,S22000078,S12000015,0.2
1645,S22000078,S12000015,0.2
1646,S22000078,S12000015,0.2
1647,S22000079,S12000006,0.2
1648,S22000079,S12000006,0.2
1649,S22000079,S12000006,0.2
1650,S22000079,S12000006,0.2
1651,S22000079,S12000006,0.2
1652,S22000080,S12000017,0.1
1653,S22000080,S12000017,0.1
1654,S22000080,S12000017,0.1
1655,S22000080,S12000017,0.1
1656,S22000080,S12000017,0.1
1657,S22000080,S12000017,0.1
1658,S22000080,S12000017,0.1
1659,S22000080,S12000017,0.1
1660,S22000080,S12000017,0.1
1661,S22000080,S12000017,0.1
1662,S22000081,S12000034,0.2
1663,S22000081,S12000034,0.2
1664,S22000081,S12000034,0.2
1665,S22000081,S12000034,0.2
1666,S22000081,S12000034,0.2
1667,S22000082,S12000017,0.1
1668,S22000082,S12000017,0.1
1669,S22000082,S12000017,0.1
1670,S22000082,S12000017,0.1
1671,S22000082,S12000017,0.1
1672,S22000082,S12000017,0.1
1673,S22000082,S12000017,0.1
1674,S22000082,S12000017,0.1
1675,S22000082,S12000017,0.1
1676,S22000082,S12000017,0.1
1677,S22000083,S12000017,0.1
1678,S22000083,S12000017,0.1
1679,S22000083,S12000017,0.1
1680,S22000083,S12000017,0.1
1681,S22000083,S12000017,0.1
1682,S22000083,S12000017,0.1
1683,S22000083,S12000017,0.1
1684,S22000083,S12000017,0.1
1685,S22000083,S12000017,0.1
1686,S22000083,S12000017,0.1
1687,S22000084,S12000034,0.2
1688,S22000084,S12000034,0.2
1689,S22000084,S12000034,0.2
1690,S22000084,S12000034,0.2
1691,S22000084,S12000034,0.2
1692,S22000085,S12000021,0.025353016688061617
1693,S22000085,S12000021,0.025353016688061617
1694,S22000085,S12000018,0.9492939666238768
1695,S22000086,S12000035,0.16666666666666666
1696,S22000086,S12000035,0.16666666666666666
1697,S22000086,S12000035,0.16666666666666666
1698,S22000086,S12000035,0.16666666666666666
1699,S22000086,S12000035,0.16666666666666666
1700,S22000086,S12000035,0.16666666666666666
1701,W22000003,W06000014,0.15524520948359857
1702,W22000003,W06000016,0.008931471256901592
1703,W22000003,W06000016,0.008931471256901592
1704,W22000003,W06000013,0.6627151672620981
1705,W22000003,W06000014,0.15524520948359857
1706,W22000003,W06000016,0.008931471256901592
1707,W22000009,W06000009,0.3333333333333333
1708,W22000009,W06000009,0.3333333333333333
1709,W22000009,W06000009,0.3333333333333333
1710,W22000011,W06000023,0.14285714285714285
1711,W22000011,W06000023,0.14285714285714285
1712,W22000011,W06000023,0.14285714285714285
1713,W22000011,W06000023,0.14285714285714285
1714,W22000011,W06000023,0.14285714285714285
1715,W22000011,W06000023,0.14285714285714285
1716,W22000011,W06000023,0.14285714285714285
1717,W22000015,W06000023,0.14285714285714285
1718,W22000015,W06000023,0.14285714285714285
1719,W22000015,W06000023,0.14285714285714285
1720,W22000015,W06000023,0.14285714285714285
1721,W22000015,W06000023,0.14285714285714285
1722,W22000015,W06000023,0.14285714285714285
1723,W22000015,W06000023,0.14285714285714285
1724,W22000016,W06000009,0.3333333333333333
1725,W22000016,W06000009,0.3333333333333333
1726,W22000016,W06000009,0.3333333333333333
1727,W22000021,W06000023,0.043772032902467686
1728,W22000021,W06000008,0.3467978848413631
1729,W22000021,W06000023,0.043772032902467686
1730,W22000021,W06000023,0.043772032902467686
1731,W22000021,W06000008,0.3467978848413631
1732,W22000021,W06000023,0.043772032902467686
1733,W22000021,W06000023,0.043772032902467686
1734,W22000021,W06000023,0.043772032902467686
1735,W22000021,W06000023,0.043772032902467686
1736,W22000022,W06000001,1.0
1737,W22000023,W06000023,0.14285714285714285
1738,W22000023,W06000023,0.14285714285714285
1739,W22000023,W06000023,0.14285714285714285
1740,W22000023,W06000023,0.14285714285714285
1741,W22000023,W06000023,0.14285714285714285
1742,W22000023,W06000023,0.14285714285714285
1743,W22000023,W06000023,0.14285714285714285
1744,W22000024,W06000022,0.0034922725810651433
1745,W22000024,W06000016,0.08183865087996078
1746,W22000024,W06000018,0.1036806714966226
1747,W22000024,W06000018,0.1036806714966226
1748,W22000024,W06000014,0.08364605511051204
1749,W22000024,W06000016,0.08183865087996078
1750,W22000024,W06000018,0.1036806714966226
1751,W22000024,W06000022,0.0034922725810651433
1752,W22000024,W06000015,0.26916537748709546
1753,W22000024,W06000014,0.08364605511051204
1754,W22000024,W06000016,0.08183865087996078
1755,W22000025,W06000009,0.09224627022483715
1756,W22000025,W06000009,0.09224627022483715
1757,W22000025,W06000008,0.2740071443580584
1758,W22000025,W06000008,0.2740071443580584
1759,W22000025,W06000010,0.05841563353645724
1760,W22000025,W06000009,0.09224627022483715
1761,W22000025,W06000010,0.05841563353645724
1762,W22000025,W06000010,0.05841563353645724
1763,W22000026,W06000003,0.5
1764,W22000026,W06000003,0.5
1765,W22000028,W06000012,0.005097628692367211
1766,W22000028,W06000012,0.005097628692367211
1767,W22000028,W06000010,0.3299349142050885
1768,W22000028,W06000010,0.3299349142050885
1769,W22000028,W06000010,0.3299349142050885
1770,W22000029,W06000023,0.004423954549687995
1771,W22000029,W06000016,0.07674396945142964
1772,W22000029,W06000019,0.18366396572599422
1773,W22000029,W06000023,0.004423954549687995
1774,W22000029,W06000016,0.07674396945142964
1775,W22000029,W06000021,0.0604451895315265
1776,W22000029,W06000016,0.07674396945142964
1777,W22000029,W06000018,0.02565893638819037
1778,W22000029,W06000021,0.0604451895315265
1779,W22000029,W06000024,0.09099375989568781
1780,W22000029,W06000021,0.0604451895315265
1781,W22000029,W06000020,0.011083170345534134
1782,W22000029,W06000018,0.02565893638819037
1783,W22000029,W06000020,0.011083170345534134
1784,W22000029,W06000018,0.02565893638819037
1785,W22000029,W06000023,0.004423954549687995
1786,W22000029,W06000023,0.004423954549687995
1787,W22000029,W06000023,0.004423954549687995
1788,W22000029,W06000023,0.004423954549687995
1789,W22000029,W06000019,0.18366396572599422
1790,W22000029,W06000023,0.004423954549687995
1791,W22000031,W06000003,0.06175471847113638
1792,W22000031,W06000005,0.08394535260206902
1793,W22000031,W06000004,0.3123272526257601
1794,W22000031,W06000003,0.06175471847113638
1795,W22000031,W06000005,0.08394535260206902
1796,W22000031,W06000005,0.08394535260206902
1797,W22000031,W06000004,0.3123272526257601
1798,W22000032,W06000010,0.013521234050657019
1799,W22000032,W06000023,0.020329461055037135
1800,W22000032,W06000023,0.020329461055037135
1801,W22000032,W06000023,0.020329461055037135
1802,W22000032,W06000012,0.20962673776423538
1803,W22000032,W06000023,0.020329461055037135
1804,W22000032,W06000012,0.20962673776423538
1805,W22000032,W06000010,0.013521234050657019
1806,W22000032,W06000010,0.013521234050657019
1807,W22000032,W06000023,0.020329461055037135
1808,W22000032,W06000023,0.020329461055037135
1809,W22000032,W06000023,0.020329461055037135
1810,W22000032,W06000011,0.3978765949342982
1811,W22000034,W06000004,0.02356356185434987
1812,W22000034,W06000005,0.03304021173055579
1813,W22000034,W06000005,0.03304021173055579
1814,W22000034,W06000006,0.42687612054981644
1815,W22000034,W06000006,0.42687612054981644
1816,W22000034,W06000005,0.03304021173055579
1817,W22000034,W06000004,0.02356356185434987
